package,source,version,r_version,assessment_date,rating
ADGofTest,CRAN,0.3,4.3.1,2023-11-27,low
ADMM,CRAN,0.3.3,4.3.1,2023-11-27,low
AIPW,CRAN,0.6.3.2,4.3.1,2023-11-27,medium
ALL,other,1.44.0,4.3.1,2023-11-27,low
Amelia,CRAN,1.8.2,4.3.1,2023-11-27,low
AnnotationDbi,BIOC,1.64.1,4.3.1,2023-11-27,low
AsioHeaders,CRAN,1.22.1-2,4.3.1,2023-11-27,low
AzureAuth,CRAN,1.3.3,4.3.1,2023-11-27,low
AzureGraph,CRAN,1.3.4,4.3.1,2023-11-27,low
BART,CRAN,2.9.7,4.3.1,2023-11-27,low
BB,CRAN,2019.10-1,4.3.1,2023-11-27,low
BBmisc,CRAN,1.13,4.3.1,2023-11-27,low
BE,CRAN,0.2.4,4.3.1,2024-04-17,low
BH,CRAN,1.84.0-0,4.3.1,2023-11-27,low
BOIN,CRAN,2.7.2,4.3.1,2023-11-27,medium
BatchJobs,CRAN,1.9,4.3.1,2023-11-27,medium
Biobase,BIOC,2.62.0,4.3.1,2023-11-27,low
BiocBaseUtils,BIOC,1.4.0,4.3.1,2023-11-27,medium
BiocGenerics,BIOC,0.48.1,4.3.1,2023-11-27,low
BiocManager,CRAN,1.30.23,4.3.1,2023-11-27,low
BiocVersion,BIOC,3.18.1,4.3.1,2023-11-27,low
Biostrings,BIOC,2.70.3,4.3.1,2023-11-27,low
Brobdingnag,CRAN,1.2-9,4.3.1,2023-11-27,low
C50,CRAN,0.1.8,4.3.1,2023-11-27,low
CBPS,CRAN,0.23,4.3.1,2023-11-27,medium
CMAverse,other,0.1.0,4.3.1,2023-11-27,medium
CVXR,CRAN,1.0-13,4.3.1,2023-11-27,low
Cairo,CRAN,1.6-2,4.3.1,2023-11-27,low
CommonJavaJars,CRAN,1.1-0,4.3.1,2023-11-27,low
CompQuadForm,CRAN,1.4.3,4.3.1,2023-11-27,low
ComplexHeatmap,BIOC,2.18.0,4.3.1,2023-11-27,low
ConsRank,CRAN,2.1.4,4.3.1,2023-11-27,low
ConsensusClusterPlus,BIOC,1.66.0,4.3.1,2023-11-27,low
Cubist,CRAN,0.4.2.1,4.3.1,2023-11-27,low
CytoML,BIOC,2.14.0,4.3.1,2023-11-27,medium
DBI,CRAN,1.2.3,4.3.1,2023-11-27,low
DEoptimR,CRAN,1.1-3,4.3.1,2023-11-27,low
DT,CRAN,0.33,4.3.1,2023-11-27,low
DataExplorer,CRAN,0.8.3,4.3.1,2024-04-17,medium
DelayedArray,BIOC,0.28.0,4.3.1,2023-11-27,low
Deriv,CRAN,4.1.3,4.3.1,2023-11-27,low
DescTools,CRAN,0.99.54,4.3.1,2023-11-27,low
DiagrammeR,CRAN,1.0.11,4.3.1,2023-11-27,low
DiceDesign,CRAN,1.1,4.3.1,2023-11-27,low
DiceKriging,CRAN,1.6.0,4.3.1,2023-11-27,low
DoseFinding,CRAN,1.1-1,4.3.1,2023-11-27,low
ECOSolveR,CRAN,0.5.5,4.3.1,2023-11-27,low
EValue,CRAN,4.1.3,4.3.1,2023-11-27,medium
EnvStats,CRAN,2.8.1,4.3.1,2023-11-27,low
Exact,CRAN,3.2,4.3.1,2023-11-27,low
ExactData,other,2,4.3.1,NA,low
FNN,CRAN,1.1.4,4.3.1,2023-11-27,low
FactoMineR,CRAN,2.11,4.3.1,2023-11-27,low
FlowSOM,BIOC,2.10.0,4.3.1,2023-11-27,low
Formula,CRAN,1.2-5,4.3.1,2023-11-27,low
GGally,CRAN,2.2.1,4.3.1,2023-11-27,low
GO.db,other,3.18.0,4.3.1,2023-11-27,low
GPfit,CRAN,1.0-8,4.3.1,2023-11-27,low
GenomeInfoDb,BIOC,1.38.8,4.3.1,2023-11-27,low
GenomeInfoDbData,other,1.2.11,4.3.1,2023-11-27,low
GenomicRanges,BIOC,1.54.1,4.3.1,2023-11-27,low
GetoptLong,CRAN,1.0.5,4.3.1,2023-11-27,low
GlobalOptions,CRAN,0.1.2,4.3.1,2023-11-27,low
HAC,CRAN,1.1-0,4.3.1,2023-11-27,medium
HDInterval,CRAN,0.2.4,4.3.1,2023-11-27,low
Hmisc,CRAN,5.1-3,4.3.1,2023-11-27,low
IDPmisc,CRAN,1.1.21,4.3.1,2023-11-27,low
IPDfromKM,CRAN,0.1.10,4.3.1,2023-11-27,medium
IRanges,BIOC,2.36.0,4.3.1,2023-11-27,low
ISLR,CRAN,1.4,4.3.1,2024-04-17,medium
Iso,CRAN,0.0-21,4.3.1,2023-11-27,low
JM,CRAN,1.5-2,4.3.1,2023-11-27,medium
JMbayes,CRAN,0.8-85,4.3.1,2023-11-27,medium
JavaGD,CRAN,0.6-5,4.3.1,2023-11-27,low
KEGGREST,BIOC,1.42.0,4.3.1,2023-11-27,low
KMsurv,CRAN,0.1-5,4.3.1,2023-11-27,low
KernSmooth,CRAN,2.23-24,4.3.1,2023-11-27,low
KernSmooth,CRAN,2.23-24,4.3.1,2023-11-27,low
MASS,CRAN,7.3-60,4.3.1,2023-11-27,low
MASS,CRAN,7.3-60,4.3.1,2023-11-27,low
MCMCpack,CRAN,1.7-0,4.3.1,2023-11-27,low
MESS,CRAN,0.5.12,4.3.1,2024-05-31,low
MLmetrics,CRAN,1.1.3,4.3.1,2023-11-27,low
MatchIt,CRAN,4.5.5,4.3.1,2023-11-27,low
Matching,CRAN,4.10-14,4.3.1,2023-11-27,low
Matrix,CRAN,1.6-5,4.3.1,2023-11-27,low
Matrix,CRAN,1.6-5,4.3.1,2023-11-27,low
MatrixGenerics,BIOC,1.14.0,4.3.1,2023-11-27,low
MatrixModels,CRAN,0.5-3,4.3.1,2023-11-27,low
MetaUtility,CRAN,2.1.2,4.3.1,2023-11-27,medium
Microsoft365R,CRAN,2.4.0,4.3.1,2023-11-27,medium
ModelMetrics,CRAN,1.2.2.2,4.3.1,2023-11-27,low
MultiAssayExperiment,BIOC,1.28.0,4.3.1,2023-11-27,low
NbClust,CRAN,3.0.1,4.3.1,2023-11-27,low
OncoBayes2,CRAN,0.8-9,4.3.1,2023-11-27,medium
PEIP,CRAN,2.2-5,4.3.1,2023-11-27,high
PFIM,CRAN,6.0.3,4.3.1,2023-11-27,medium
PKI,CRAN,0.1-14,4.3.1,2024-08-05,medium
PKNCA,CRAN,0.10.2,4.3.1,2023-11-27,low
PMA,CRAN,1.2-3,4.3.1,2023-11-27,low
PRROC,CRAN,1.3.1,4.3.1,2023-11-27,low
PerformanceAnalytics,CRAN,2.0.4,4.3.1,2023-11-27,low
PolynomF,CRAN,2.0-8,4.3.1,2023-11-27,low
PopED,CRAN,0.6.0,4.3.1,2023-11-27,low
PowerTOST,CRAN,1.5-6,4.3.1,2024-06-06,medium
PreciseSums,CRAN,0.6,4.3.1,2023-11-27,low
Publish,CRAN,2023.01.17,4.3.1,2023-11-27,low
QuickJSR,CRAN,1.2.2,4.3.1,2023-11-27,low
R.cache,CRAN,0.16.0,4.3.1,2023-11-27,low
R.methodsS3,CRAN,1.8.2,4.3.1,2023-11-27,low
R.oo,CRAN,1.26.0,4.3.1,2023-11-27,low
R.utils,CRAN,2.12.3,4.3.1,2023-11-27,low
R2HTML,CRAN,2.3.4,4.3.1,2023-11-27,low
R2OpenBUGS,CRAN,3.2-3.2.1,4.3.1,2023-11-27,low
R2WinBUGS,CRAN,2.1-22.1,4.3.1,2023-11-27,low
R2jags,CRAN,0.8-5,4.3.1,2023-11-27,low
R6,CRAN,2.5.1,4.3.1,2023-11-27,low
RANN,CRAN,2.6.1,4.3.1,2023-11-27,low
RApiSerialize,CRAN,0.1.3,4.3.1,2023-11-27,low
RBGL,CRAN,1.78.0,4.3.1,2023-11-27,low
RBesT,CRAN,1.7-3,4.3.1,2023-11-27,medium
RColorBrewer,CRAN,1.1-3,4.3.1,2023-11-27,low
RCurl,CRAN,1.98-1.14,4.3.1,2023-11-27,low
RISCA,CRAN,1.0.5,4.3.1,2024-03-27,low
RItools,CRAN,0.3-4,4.3.1,2023-11-27,medium
RJSONIO,CRAN,1.3-1.9,4.3.1,2023-11-27,low
RMariaDB,CRAN,1.3.1,4.3.1,2023-11-27,low
ROCR,CRAN,1.0-11,4.3.1,2023-11-27,low
ROracle,CRAN,1.3-1.1,4.3.1,2023-11-27,medium
RPMG,CRAN,2.2-7,4.3.1,2023-11-27,low
RPostgres,CRAN,1.4.7,4.3.1,2023-11-27,low
RProtoBufLib,BIOC,2.14.1,4.3.1,2023-11-27,low
RPushbullet,CRAN,0.3.4,4.3.1,2023-11-27,medium
RSEIS,CRAN,4.2-0,4.3.1,2023-11-27,medium
RSQLite,CRAN,2.3.7,4.3.1,2023-11-27,low
RSpectra,CRAN,0.16-1,4.3.1,2023-11-27,low
RUnit,CRAN,0.4.33,4.3.1,2023-11-27,low
Rcpp,CRAN,1.0.12,4.3.1,2023-11-27,low
RcppAnnoy,CRAN,0.0.22,4.3.1,2023-11-27,low
RcppArmadillo,CRAN,0.12.8.4.0,4.3.1,2023-11-27,low
RcppDE,CRAN,0.1.7,4.3.1,2023-11-27,low
RcppDist,CRAN,0.1.1,4.3.1,2023-11-27,low
RcppEigen,CRAN,0.3.4.0.0,4.3.1,2023-11-27,low
RcppParallel,CRAN,5.1.7,4.3.1,2023-11-27,low
RcppProgress,CRAN,0.4.2,4.3.1,2023-11-27,low
RcppSimdJson,CRAN,0.1.11,4.3.1,2023-11-27,low
RcppTOML,CRAN,0.2.2,4.3.1,2023-11-27,low
RcppThread,CRAN,2.1.7,4.3.1,2023-11-27,low
Rcsdp,CRAN,0.1.57.5,4.3.1,2023-11-27,low
Rdimtools,CRAN,1.1.2,4.3.1,2023-11-27,low
Rdpack,CRAN,2.6,4.3.1,2023-11-27,low
Rdsdp,CRAN,1.0.5.2.1,4.3.1,2023-11-27,low
Rglpk,CRAN,0.6-5.1,4.3.1,2023-11-27,low
Rgraphviz,CRAN,2.46.0,4.3.1,2023-11-27,low
Rhdf5lib,BIOC,1.24.2,4.3.1,2023-11-27,low
RhpcBLASctl,CRAN,0.23-42,4.3.1,2024-08-05,low
Rmpfr,CRAN,0.9-5,4.3.1,2023-11-27,low
RobinCar,CRAN,0.3.0,4.3.1,2023-11-27,medium
Rsolnp,CRAN,1.16,4.3.1,2023-11-27,low
Rtsne,CRAN,0.17,4.3.1,2023-11-27,low
Rttf2pt1,CRAN,1.3.12,4.3.1,2023-11-27,low
Rwave,CRAN,2.6-5,4.3.1,2023-11-27,low
S4Arrays,BIOC,1.2.1,4.3.1,2023-11-27,low
S4Vectors,BIOC,0.40.2,4.3.1,2023-11-27,low
SHELF,CRAN,1.10.0,4.3.1,2023-11-27,high
SQUAREM,CRAN,2021.1,4.3.1,2023-11-27,low
SmartEDA,CRAN,0.3.10,4.3.1,2024-04-17,medium
SparseArray,BIOC,1.2.4,4.3.1,2024-08-05,low
SparseM,CRAN,1.83,4.3.1,2023-11-27,low
StanHeaders,CRAN,2.32.9,4.3.1,2023-11-27,low
SummarizedExperiment,BIOC,1.32.0,4.3.1,2023-11-27,low
SuperLearner,CRAN,2.0-29,4.3.1,2023-11-27,low
SuppDists,CRAN,1.1-9.7,4.3.1,2023-11-27,low
TH.data,CRAN,1.1-2,4.3.1,2023-11-27,low
TMB,CRAN,1.9.11,4.3.1,2023-11-27,low
TSP,CRAN,1.2-4,4.3.1,2023-11-27,low
TeachingDemos,CRAN,2.13,4.3.1,2023-11-27,low
Tplyr,CRAN,1.2.1,4.3.1,2023-11-27,medium
UpSetR,CRAN,1.4.0,4.3.1,2023-11-27,low
V8,CRAN,4.4.2,4.3.1,2023-11-27,low
WGCNA,CRAN,1.72-5,4.3.1,2023-11-27,low
WeightIt,CRAN,1.1.0,4.3.1,2023-11-27,medium
XML,CRAN,3.99-0.16.1,4.3.1,2023-11-27,low
XVector,BIOC,0.42.0,4.3.1,2023-11-27,low
abind,CRAN,1.4-5,4.3.1,2023-11-27,low
adabag,CRAN,5,4.3.1,2023-11-27,low
admiral,CRAN,1.1.1,4.3.1,2023-11-27,low
admiral.test,CRAN,0.7.0,4.3.1,2023-11-27,low
admiraldev,CRAN,1.1.0,4.3.1,2023-11-27,low
admiralonco,CRAN,1.0.0,4.3.1,2024-05-31,low
admiralophtha,CRAN,1.0.0,4.3.1,2024-05-31,low
admisc,CRAN,0.35,4.3.1,2023-11-27,low
aldvmm,CRAN,0.8.8,4.3.1,2024-04-17,medium
anytime,CRAN,0.3.9,4.3.1,2023-11-27,low
aplot,CRAN,0.2.3,4.3.1,2023-11-27,low
arrayhelpers,CRAN,1.1-0,4.3.1,2023-11-27,low
arrow,CRAN,16.1.0,4.3.1,2023-11-27,low
arsenal,CRAN,3.6.3,4.3.1,2023-11-27,low
ash,CRAN,1.0-15,4.3.1,2023-12-04,low
asht,CRAN,1.0.1,4.3.1,2023-11-27,medium
askpass,CRAN,1.2.0,4.3.1,2023-11-27,low
assertthat,CRAN,0.2.1,4.3.1,2023-11-27,low
attempt,CRAN,0.3.1,4.3.1,2023-11-27,low
babelmixr2,CRAN,0.1.2,4.3.1,2023-11-27,medium
backports,CRAN,1.5.0,4.3.1,2023-11-27,low
baguette,CRAN,1.0.2,4.3.1,2023-11-27,medium
bartMachine,CRAN,1.3.4.1,4.3.1,2024-05-30,low
bartMachineJARs,CRAN,1.2.1,4.3.1,2024-05-30,low
base,other,4.3.1,4.3.1,2023-11-27,low
base64enc,CRAN,0.1-3,4.3.1,2023-11-27,low
base64url,CRAN,1.4,4.3.1,2023-11-27,low
batchtools,CRAN,0.9.17,4.3.1,2023-11-27,low
bayesmeta,CRAN,3.4,4.3.1,2023-11-27,medium
bayesplot,CRAN,1.11.1,4.3.1,2023-11-27,low
bayestestR,CRAN,0.13.2,4.3.1,2023-11-27,low
bbmle,CRAN,1.0.25.1,4.3.1,2023-11-27,low
bdsmatrix,CRAN,1.3-7,4.3.1,2023-11-27,low
bigD,CRAN,0.2.0,4.3.1,2023-11-27,low
billboarder,CRAN,0.4.1,4.3.1,2024-04-17,medium
binom,CRAN,1.1-1.1,4.3.1,2023-11-27,low
bit,CRAN,4.0.5,4.3.1,2023-11-27,low
bit64,CRAN,4.0.5,4.3.1,2023-11-27,low
bitops,CRAN,1.0-7,4.3.1,2023-11-27,low
blavaan,CRAN,0.5-5,4.3.1,2023-11-27,medium
blindrecalc,CRAN,1.0.1,4.3.1,2024-04-18,medium
blob,CRAN,1.2.4,4.3.1,2023-11-27,low
bmp,CRAN,0.3,4.3.1,2023-11-27,low
bnlearn,CRAN,4.9.4,4.3.1,2023-11-27,low
bookdown,CRAN,0.39,4.3.1,2023-11-27,low
boot,CRAN,1.3-30,4.3.1,2023-11-27,low
boot,CRAN,1.3-30,4.3.1,2023-11-27,low
bootstrap,CRAN,2019.6,4.3.1,2023-11-27,low
bpcp,CRAN,1.4.2,4.3.1,2023-11-27,medium
brew,CRAN,1.0-10,4.3.1,2023-11-27,low
bridgesampling,CRAN,1.1-2,4.3.1,2023-11-27,low
brio,CRAN,1.1.5,4.3.1,2023-11-27,low
brms,CRAN,2.21.0,4.3.1,2023-11-27,low
broman,CRAN,0.84,4.3.1,2023-11-27,medium
broom,CRAN,1.0.6,4.3.1,2023-11-27,low
broom.helpers,CRAN,1.15.0,4.3.1,2023-11-27,low
broom.mixed,CRAN,0.2.9.5,4.3.1,2023-11-27,low
bs4Dash,CRAN,2.3.3,4.3.1,2023-11-27,low
bslib,CRAN,0.7.0,4.3.1,2023-11-27,low
butcher,CRAN,0.3.4,4.3.1,2023-11-27,low
bvls,CRAN,1.4,4.3.1,2023-11-27,high
ca,CRAN,0.71.1,4.3.1,2023-11-27,low
caTools,CRAN,1.18.2,4.3.1,2023-11-27,low
cachem,CRAN,1.1.0,4.3.1,2023-11-27,low
callr,CRAN,3.7.6,4.3.1,2023-11-27,low
car,CRAN,3.1-2,4.3.1,2023-11-27,low
carData,CRAN,3.0-5,4.3.1,2023-11-27,low
caret,CRAN,6.0-94,4.3.1,2023-11-27,low
castor,CRAN,1.8.0,4.3.1,2023-11-27,low
cellranger,CRAN,1.1.0,4.3.1,2023-11-27,low
checkmate,CRAN,2.3.1,4.3.1,2023-11-27,low
chevron,CRAN,0.2.6,4.3.1,2024-05-31,medium
chk,CRAN,0.9.1,4.3.1,2023-11-27,low
chromote,CRAN,0.2.0,4.3.1,2023-11-27,low
chron,CRAN,2.3-61,4.3.1,2023-11-27,low
circlize,CRAN,0.4.16,4.3.1,2023-11-27,low
class,CRAN,7.3-22,4.3.1,2023-11-27,low
class,CRAN,7.3-22,4.3.1,2023-11-27,low
classInt,CRAN,0.4-10,4.3.1,2023-11-27,low
cli,CRAN,3.6.2,4.3.1,2023-11-27,low
clipr,CRAN,0.8.0,4.3.1,2023-11-27,low
clisymbols,CRAN,1.2.0,4.3.1,2023-11-27,low
clock,CRAN,0.7.0,4.3.1,2023-11-27,low
clue,CRAN,0.3-65,4.3.1,2023-11-27,low
cluster,CRAN,2.1.6,4.3.1,2023-11-27,low
cluster,CRAN,2.1.6,4.3.1,2023-11-27,low
clustermq,CRAN,0.9.4,4.3.1,2023-11-27,medium
clv,CRAN,0.3-2.4,4.3.1,2023-11-27,low
cmdstanr,other,0.8.1,4.3.1,2023-11-27,low
cmprsk,CRAN,2.2-12,4.3.1,2023-11-27,low
cobalt,CRAN,4.5.5,4.3.1,2023-11-27,low
coda,CRAN,0.19-4.1,4.3.1,2023-11-27,low
codetools,CRAN,0.2-20,4.3.1,2023-11-27,low
codetools,CRAN,0.2-20,4.3.1,2023-11-27,low
coin,CRAN,1.4-3,4.3.1,2023-11-27,low
collapse,CRAN,2.0.14,4.3.1,2023-11-27,low
collections,CRAN,0.3.7,4.3.1,2023-11-27,low
colorRamps,CRAN,2.3.4,4.3.1,2023-11-27,low
colorspace,CRAN,2.1-0,4.3.1,2023-11-27,low
colourpicker,CRAN,1.3.0,4.3.1,2023-11-27,low
common,CRAN,1.1.3,4.3.1,2024-04-17,low
commonmark,CRAN,1.9.1,4.3.1,2023-11-27,low
compiler,other,4.3.1,4.3.1,2023-11-27,low
config,CRAN,0.3.2,4.3.1,2023-11-27,low
confintr,CRAN,1.0.2,4.3.1,2023-11-27,low
conflicted,CRAN,1.2.0,4.3.1,2023-11-27,low
connectapi,CRAN,0.1.3.1,4.3.1,2024-06-12,medium
conquer,CRAN,1.3.3,4.3.1,2023-11-27,low
consort,CRAN,1.2.2,4.3.1,2023-11-27,medium
copula,CRAN,1.1-3,4.3.1,2023-11-27,low
corpcor,CRAN,1.6.10,4.3.1,2023-11-27,low
correlation,CRAN,0.8.5,4.3.1,2023-11-27,low
corrplot,CRAN,0.92,4.3.1,2023-11-27,low
covr,CRAN,3.6.4,4.3.1,2023-11-27,low
cowplot,CRAN,1.1.3,4.3.1,2023-11-27,low
cpp11,CRAN,0.4.7,4.3.1,2023-11-27,low
cranlogs,CRAN,2.1.1,4.3.1,2023-11-27,low
crayon,CRAN,1.5.2,4.3.1,2023-11-27,low
credentials,CRAN,2.0.1,4.3.1,2023-11-27,low
crew,CRAN,0.9.3,4.3.1,2023-11-27,medium
crew.cluster,CRAN,0.3.1,4.3.1,2023-11-27,medium
cronR,CRAN,0.6.5,4.3.1,2024-04-17,low
crosstable,CRAN,0.7.0,4.3.1,2024-04-17,medium
crosstalk,CRAN,1.2.1,4.3.1,2023-11-27,low
crul,CRAN,1.4.2,4.3.1,2023-11-27,low
cubature,CRAN,2.1.0,4.3.1,2023-11-27,low
curl,CRAN,5.2.1,4.3.1,2023-11-27,low
cvAUC,CRAN,1.1.4,4.3.1,2023-11-27,low
cyclocomp,CRAN,1.1.1,4.3.1,2023-11-27,low
cytolib,BIOC,2.14.1,4.3.1,2023-11-27,low
dagitty,CRAN,0.3-4,4.3.1,2023-11-27,low
data.table,CRAN,1.15.4,4.3.1,2023-11-27,low
data.tree,CRAN,1.1.0,4.3.1,2023-11-27,low
dataMaid,CRAN,1.4.1,4.3.1,2024-04-17,medium
datamods,CRAN,1.5.1,4.3.1,2023-11-27,medium
datasetjson,CRAN,0.1.0,4.3.1,2024-04-13,medium
datasetjson,CRAN,0.2.0,4.3.1,2024-04-13,medium
datasets,other,4.3.1,4.3.1,2023-11-27,low
datawizard,CRAN,0.11.0,4.3.1,2023-11-27,low
date,CRAN,1.2-42,4.3.1,2024-04-17,low
dbarts,CRAN,0.9-28,4.3.1,2023-11-27,low
dbplyr,CRAN,2.5.0,4.3.1,2023-11-27,low
dbscan,CRAN,1.1-12,4.3.1,2023-11-27,low
deSolve,CRAN,1.4,4.3.1,2023-11-27,low
debugme,CRAN,1.2.0,4.3.1,2023-11-27,low
deldir,CRAN,2.0-4,4.3.1,2023-11-27,low
dendextend,CRAN,1.17.1,4.3.1,2023-11-27,low
desc,CRAN,1.4.3,4.3.1,2023-11-27,low
devtools,CRAN,2.4.5,4.3.1,2023-11-27,low
dfidx,CRAN,0.0-5,4.3.1,2023-11-27,low
diagram,CRAN,1.6.5,4.3.1,2023-11-27,low
dials,CRAN,1.2.1,4.3.1,2023-11-27,low
diffcyt,BIOC,1.22.1,4.3.1,2023-11-27,medium
diffdf,CRAN,1.0.4,4.3.1,2023-11-27,medium
diffobj,CRAN,0.3.5,4.3.1,2023-11-27,low
diffviewer,CRAN,0.1.2,4.3.1,2024-04-17,low
digest,CRAN,0.6.35,4.3.1,2023-11-27,low
diptest,CRAN,0.77-1,4.3.1,2023-11-27,low
directlabels,CRAN,2024.1.21,4.3.1,2023-11-27,low
distill,CRAN,1.6,4.3.1,2023-11-27,medium
distributional,CRAN,0.4.0,4.3.1,2023-11-27,low
doBy,CRAN,4.6.21,4.3.1,2023-11-27,low
doFuture,CRAN,1.0.1,4.3.1,2024-05-31,low
doParallel,CRAN,1.0.17,4.3.1,2023-11-27,low
doRNG,CRAN,1.8.6,4.3.1,2023-11-27,low
dockerfiler,CRAN,0.2.2,4.3.1,2023-11-27,medium
dotCall64,CRAN,1.1-1,4.3.1,2023-11-27,low
downlit,CRAN,0.4.4,4.3.1,2023-11-27,low
downloader,CRAN,0.4,4.3.1,2023-11-27,low
dparser,CRAN,1.3.1-11,4.3.1,2023-11-27,low
dplyr,CRAN,1.1.4,4.3.1,2023-11-27,low
dqrng,CRAN,0.4.1,4.3.1,2023-11-27,low
drc,CRAN,3.0-1,4.3.1,2023-11-27,low
drgee,CRAN,1.1.10,4.3.1,2023-11-27,medium
dtplyr,CRAN,1.3.1,4.3.1,2023-11-27,low
dtw,CRAN,1.23-1,4.3.1,2023-11-27,low
dtwclust,CRAN,5.5.12,4.3.1,2023-11-27,low
duckdb,CRAN,0.10.2,4.3.1,2023-11-27,low
dunlin,CRAN,0.1.7,4.3.1,2024-05-31,medium
dygraphs,CRAN,1.1.1.6,4.3.1,2023-11-27,low
dynamicTreeCut,CRAN,1.63-1,4.3.1,2023-11-27,low
e1071,CRAN,1.7-14,4.3.1,2023-11-27,low
earth,CRAN,5.3.3,4.3.1,2023-11-27,low
easystats,CRAN,0.7.2,4.3.1,2023-11-27,medium
edgeR,BIOC,4.0.16,4.3.1,2023-11-27,low
effectsize,CRAN,0.8.8,4.3.1,2023-11-27,low
egg,CRAN,0.4.5,4.3.1,2023-11-27,low
ellipse,CRAN,0.5.0,4.3.1,2023-11-27,low
ellipsis,CRAN,0.3.2,4.3.1,2023-11-27,low
embed,CRAN,1.1.4,4.3.1,2023-11-27,medium
emmeans,CRAN,1.10.2,4.3.1,2023-11-27,low
emulator,CRAN,1.2-24,4.3.1,2023-11-27,low
epitools,CRAN,0.5-10.1,4.3.1,2023-11-27,low
eq5d,CRAN,0.15.3,4.3.1,2024-04-17,medium
erify,CRAN,0.4.0,4.3.1,2023-11-27,low
esquisse,CRAN,2.0.0,4.3.1,2023-11-27,medium
estimability,CRAN,1.5.1,4.3.1,2023-11-27,low
etm,CRAN,1.1.1,4.3.1,2024-04-17,low
evaluate,CRAN,0.24.0,4.3.1,2023-11-27,low
evd,CRAN,2.3-7,4.3.1,2023-11-27,low
eventTrack,CRAN,1.0.3,4.3.1,2023-11-27,low
exact2x2,CRAN,1.6.9,4.3.1,2023-11-27,medium
exactRankTests,CRAN,0.8-35,4.3.1,2023-11-27,low
exactci,CRAN,1.4-4,4.3.1,2023-11-27,low
excelR,CRAN,0.4.0,4.3.1,2024-04-17,medium
expm,CRAN,0.999-9,4.3.1,2023-11-27,low
extrafont,CRAN,0.19,4.3.1,2023-11-27,low
extrafontdb,CRAN,1,4.3.1,2023-11-27,low
fBasics,CRAN,4032.96,4.3.1,2023-11-27,low
fansi,CRAN,1.0.6,4.3.1,2023-11-27,low
farver,CRAN,2.1.2,4.3.1,2023-11-27,low
fastDummies,CRAN,1.7.3,4.3.1,2023-11-27,low
fastGHQuad,CRAN,1.0.1,4.3.1,2023-11-27,low
fastICA,CRAN,1.2-4,4.3.1,2023-11-27,low
fastcluster,CRAN,1.2.6,4.3.1,2023-11-27,low
fastmap,CRAN,1.2.0,4.3.1,2023-11-27,low
fastverse,CRAN,0.3.3,4.3.1,2023-11-27,medium
fda,CRAN,6.1.8,4.3.1,2023-11-27,low
fds,CRAN,1.8,4.3.1,2023-12-04,low
fields,CRAN,15.2,4.3.1,2023-11-27,low
filelock,CRAN,1.0.3,4.3.1,2023-11-27,low
filesstrings,CRAN,3.4.0,4.3.1,2023-11-27,medium
finalfit,CRAN,1.0.7,4.3.1,2023-11-27,medium
fitdistrplus,CRAN,1.1-11,4.3.1,2023-11-27,low
flashClust,CRAN,1.01-2,4.3.1,2023-11-27,low
flexclust,CRAN,1.4-2,4.3.1,2023-11-27,low
flexdashboard,CRAN,0.6.2,4.3.1,2023-11-27,low
flexmix,CRAN,2.3-19,4.3.1,2023-11-27,low
flexsurv,CRAN,2.3,4.3.1,2023-11-27,low
flexsurvcure,CRAN,1.3.1,4.3.1,2024-04-04,medium
flextable,CRAN,0.9.6,4.3.1,2023-11-27,low
flowClust,BIOC,3.40.0,4.3.1,2023-11-27,low
flowCore,BIOC,2.14.2,4.3.1,2023-11-27,low
flowStats,BIOC,4.14.1,4.3.1,2023-11-27,low
flowViz,BIOC,1.66.0,4.3.1,2023-11-27,low
flowWorkspace,BIOC,4.14.3,4.3.1,2023-11-27,low
flowWorkspaceData,other,3.14.0,4.3.1,2023-11-27,low
fmsb,CRAN,0.7.6,4.3.1,2023-11-27,low
fmtr,CRAN,1.6.5,4.3.1,2024-04-17,medium
fontBitstreamVera,CRAN,0.1.1,4.3.1,2023-11-27,low
fontLiberation,CRAN,0.1.0,4.3.1,2023-11-27,low
fontawesome,CRAN,0.5.2,4.3.1,2023-11-27,low
fontquiver,CRAN,0.2.1,4.3.1,2023-11-27,low
forcats,CRAN,1.0.0,4.3.1,2023-11-27,low
foreach,CRAN,1.5.2,4.3.1,2023-11-27,low
foreign,CRAN,0.8-86,4.3.1,2023-11-27,low
foreign,CRAN,0.8-86,4.3.1,2023-11-27,low
forestmodel,CRAN,0.6.2,4.3.1,2024-04-17,low
forestplot,CRAN,3.1.3,4.3.1,2023-11-27,low
forestploter,CRAN,1.1.2,4.3.1,2024-04-17,medium
formatR,CRAN,1.14,4.3.1,2023-11-27,low
formattable,CRAN,0.2.1,4.3.1,2024-04-17,low
formatters,CRAN,0.5.6,4.3.1,2023-11-27,low
formula.tools,CRAN,1.7.1,4.3.1,2023-11-27,low
fpc,CRAN,2.2-12,4.3.1,2023-11-27,low
fresh,CRAN,0.2.0,4.3.1,2023-11-27,low
fs,CRAN,1.6.4,4.3.1,2023-11-27,low
furrr,CRAN,0.3.1,4.3.1,2023-11-27,low
future,CRAN,1.33.2,4.3.1,2023-11-27,low
future.apply,CRAN,1.11.2,4.3.1,2023-11-27,low
future.callr,CRAN,0.8.2,4.3.1,2023-11-27,medium
gMCP,CRAN,0.8-17,4.3.1,2023-11-27,low
gam,CRAN,1.22-3,4.3.1,2023-11-27,low
gamm4,CRAN,0.2-6,4.3.1,2023-11-27,low
gargle,CRAN,1.5.2,4.3.1,2023-11-27,low
gbm,CRAN,2.1.9,4.3.1,2023-11-27,low
gclus,CRAN,1.3.2,4.3.1,2023-11-27,low
gdata,CRAN,3.0.0,4.3.1,2023-11-27,low
gdtools,CRAN,0.3.7,4.3.1,2023-11-27,low
geeM,CRAN,0.10.1,4.3.1,2024-05-31,low
geeasy,CRAN,0.1.2,4.3.1,2024-05-31,low
geepack,CRAN,1.3.11,4.3.1,2024-05-31,low
geigen,CRAN,2.3,4.3.1,2023-11-27,low
gemtc,CRAN,1.0-2,4.3.1,2023-11-27,medium
generics,CRAN,0.1.3,4.3.1,2023-11-27,low
gert,CRAN,2.0.1,4.3.1,2023-11-27,low
getPass,CRAN,0.2-4,4.3.1,2023-11-27,low
getip,CRAN,0.1-4,4.3.1,2023-11-27,low
gfonts,CRAN,0.2.0,4.3.1,2023-11-27,low
ggExtra,CRAN,0.10.1,4.3.1,2023-11-27,low
ggPMX,CRAN,1.2.11,4.3.1,2023-11-27,medium
ggalluvial,CRAN,0.12.5,4.3.1,2023-11-27,low
ggbreak,CRAN,0.1.2,4.3.1,2023-11-27,medium
ggcyto,BIOC,1.30.2,4.3.1,2023-11-27,medium
ggdag,CRAN,0.2.12,4.3.1,2023-11-27,medium
ggdendro,CRAN,0.2.0,4.3.1,2023-11-27,low
ggdist,CRAN,3.3.2,4.3.1,2023-11-27,low
ggeffects,CRAN,1.6.0,4.3.1,2024-04-17,low
ggforce,CRAN,0.4.2,4.3.1,2023-11-27,low
ggformula,CRAN,0.12.0,4.3.1,2024-05-31,low
ggfortify,CRAN,0.4.17,4.3.1,2023-11-27,low
ggfun,CRAN,0.1.5,4.3.1,2023-11-27,low
gghalves,CRAN,0.1.4,4.3.1,2023-11-27,low
gghighlight,CRAN,0.4.1,4.3.1,2023-11-27,low
ggimage,CRAN,0.3.3,4.3.1,2023-11-27,low
ggiraph,CRAN,0.8.10,4.3.1,2024-04-17,low
ggiraphExtra,CRAN,0.3.0,4.3.1,2024-04-17,medium
ggm,CRAN,2.5.1,4.3.1,2023-11-27,low
ggmosaic,CRAN,0.3.3,4.3.1,2023-11-27,medium
ggnewscale,CRAN,0.4.10,4.3.1,2023-11-27,low
ggpattern,CRAN,1.1.1,4.3.1,2023-11-27,low
ggplot2,CRAN,3.5.1,4.3.1,2023-11-27,low
ggplot2.utils,CRAN,0.3.1,4.3.1,2024-05-31,medium
ggplotify,CRAN,0.1.2,4.3.1,2023-11-27,low
ggpmisc,CRAN,0.5.6,4.3.1,2023-11-27,low
ggpp,CRAN,0.5.7,4.3.1,2023-11-27,low
ggpubr,CRAN,0.6.0,4.3.1,2023-11-27,low
ggraph,CRAN,2.2.1,4.3.1,2023-11-27,low
ggrepel,CRAN,0.9.5,4.3.1,2023-11-27,low
ggridges,CRAN,0.5.6,4.3.1,2023-11-27,low
ggsci,CRAN,3.2.0,4.3.1,2023-11-27,low
ggsignif,CRAN,0.6.4,4.3.1,2023-11-27,low
ggstance,CRAN,0.3.7,4.3.1,2024-04-17,low
ggstats,CRAN,0.6.0,4.3.1,2024-04-17,low
ggsurvfit,CRAN,1.1.0,4.3.1,2023-11-27,low
ggtext,CRAN,0.1.2,4.3.1,2023-11-27,low
ggthemes,CRAN,5.1.0,4.3.1,2023-11-27,low
gh,CRAN,1.4.1,4.3.1,2023-11-27,low
git2r,CRAN,0.33.0,4.3.1,2023-11-27,low
gitcreds,CRAN,0.1.2,4.3.1,2023-11-27,low
gld,CRAN,2.6.6,4.3.1,2023-11-27,low
glmmTMB,CRAN,1.1.9,4.3.1,2023-11-27,low
glmnet,CRAN,4.1-8,4.3.1,2023-11-27,low
globals,CRAN,0.16.3,4.3.1,2023-11-27,low
glue,CRAN,1.7.0,4.3.1,2023-11-27,low
gmodels,CRAN,2.19.1,4.3.1,2023-11-27,low
gmp,CRAN,0.7-4,4.3.1,2023-11-27,low
golem,CRAN,0.4.1,4.3.1,2023-11-27,low
googledrive,CRAN,2.1.1,4.3.1,2023-11-27,low
googlesheets4,CRAN,1.1.1,4.3.1,2023-11-27,low
gower,CRAN,1.0.1,4.3.1,2023-11-27,low
gplots,CRAN,3.1.3.1,4.3.1,2023-11-27,low
grDevices,other,4.3.1,4.3.1,2023-11-27,low
graph,CRAN,1.80.0,4.3.1,2023-11-27,low
graphics,other,4.3.1,4.3.1,2023-11-27,low
graphlayouts,CRAN,1.1.1,4.3.1,2023-11-27,low
grf,CRAN,2.3.2,4.3.1,2023-11-27,low
grid,CRAN,4.3.1,4.3.1,2023-11-27,low
gridExtra,CRAN,2.3,4.3.1,2023-11-27,low
gridGraphics,CRAN,0.5-1,4.3.1,2023-11-27,low
gridpattern,CRAN,1.2.2,4.3.1,2023-11-27,low
gridtext,CRAN,0.1.5,4.3.1,2023-11-27,low
grr,CRAN,0.9.5,4.3.1,2023-11-27,medium
gsDesign,CRAN,3.6.2,4.3.1,2023-11-27,medium
gsbDesign,CRAN,1.0-3,4.3.1,2023-11-27,medium
gscounts,CRAN,0.1-4,4.3.1,2023-11-27,medium
gsl,CRAN,2.1-8,4.3.1,2023-11-27,low
gsm,other,1.9.2,4.3.1,2024-03-06,medium
gss,CRAN,2.2-7,4.3.1,2023-11-27,low
gt,CRAN,0.10.1,4.3.1,2023-11-27,low
gtable,CRAN,0.3.5,4.3.1,2023-11-27,low
gto,CRAN,0.1.1,4.3.1,2023-11-27,low
gtools,CRAN,3.9.5,4.3.1,2023-11-27,low
gtsummary,CRAN,1.7.2,4.3.1,2023-11-27,low
hardhat,CRAN,1.4.0,4.3.1,2023-11-27,low
haven,CRAN,2.5.4,4.3.1,2023-11-27,low
hdrcde,CRAN,3.4,4.3.1,2023-12-04,low
heatmaply,CRAN,1.5.0,4.3.1,2023-11-27,low
here,CRAN,1.0.1,4.3.1,2023-11-27,low
hexSticker,CRAN,0.4.9,4.3.1,2023-11-27,low
hexbin,CRAN,1.28.3,4.3.1,2023-11-27,low
highr,CRAN,0.11,4.3.1,2023-11-27,low
hms,CRAN,1.1.3,4.3.1,2023-11-27,low
htmlTable,CRAN,2.4.2,4.3.1,2023-11-27,low
htmltools,CRAN,0.5.8.1,4.3.1,2023-11-27,low
htmlwidgets,CRAN,1.6.4,4.3.1,2023-11-27,low
httpcode,CRAN,0.3.0,4.3.1,2023-11-27,low
httpgd,CRAN,2.0.2,4.3.1,2023-11-27,medium
httpuv,CRAN,1.6.15,4.3.1,2023-11-27,low
httr,CRAN,1.4.7,4.3.1,2023-11-27,low
httr2,CRAN,1.0.1,4.3.1,2023-11-27,low
hunspell,CRAN,3.0.3,4.3.1,2023-11-27,low
huxtable,CRAN,5.5.6,4.3.1,2023-11-27,low
ids,CRAN,1.0.1,4.3.1,2023-11-27,low
igraph,CRAN,2.0.3,4.3.1,2023-11-27,low
import,CRAN,1.3.2,4.3.1,2024-04-17,low
impute,CRAN,1.76.0,4.3.1,2023-11-27,low
infer,CRAN,1.0.7,4.3.1,2023-11-27,low
influenceR,CRAN,0.1.5,4.3.1,2023-11-27,medium
ini,CRAN,0.3.1,4.3.1,2023-11-27,low
inline,CRAN,0.3.19,4.3.1,2023-11-27,low
insight,CRAN,0.20.1,4.3.1,2023-11-27,low
interp,CRAN,1.1-6,4.3.1,2023-11-27,low
inum,CRAN,1.0-5,4.3.1,2023-11-27,low
invgamma,CRAN,1.1,4.3.1,2023-11-27,low
ipred,CRAN,0.9-14,4.3.1,2023-11-27,low
irlba,CRAN,2.3.5.1,4.3.1,2023-11-27,low
irr,CRAN,0.84.1,4.3.1,2023-11-27,low
isoband,CRAN,0.2.7,4.3.1,2023-11-27,low
iterators,CRAN,1.0.14,4.3.1,2023-11-27,low
itertools,CRAN,0.1-3,4.3.1,2023-11-27,low
jagsUI,CRAN,1.6.2,4.3.1,2023-11-27,low
janitor,CRAN,2.2.0,4.3.1,2023-11-27,low
jomo,CRAN,2.7-6,4.3.1,2023-11-27,low
jose,CRAN,1.2.0,4.3.1,2023-11-27,low
jpeg,CRAN,0.1-10,4.3.1,2023-11-27,low
jquerylib,CRAN,0.1.4,4.3.1,2023-11-27,low
jsonlite,CRAN,1.8.8,4.3.1,2023-11-27,low
jsonvalidate,CRAN,1.3.2,4.3.1,2024-04-13,low
juicyjuice,CRAN,0.1.0,4.3.1,2023-11-27,low
kableExtra,CRAN,1.4.0,4.3.1,2023-11-27,low
kernlab,CRAN,0.9-32,4.3.1,2023-11-27,low
kinship2,CRAN,1.9.6.1,4.3.1,2024-05-31,low
kit,CRAN,0.0.18,4.3.1,2023-11-27,medium
kknn,CRAN,1.3.1,4.3.1,2023-11-27,low
km.ci,CRAN,0.5-6,4.3.1,2023-11-27,low
knitr,CRAN,1.47,4.3.1,2023-11-27,low
knockoff,CRAN,0.3.6,4.3.1,2023-11-27,high
ks,CRAN,1.14.2,4.3.1,2023-11-27,low
labdsv,CRAN,2.1-0,4.3.1,2023-11-27,low
labeling,CRAN,0.4.3,4.3.1,2023-11-27,low
labelled,CRAN,2.13.0,4.3.1,2023-11-27,low
languageserver,CRAN,0.3.16,4.3.1,2023-11-27,medium
later,CRAN,1.3.2,4.3.1,2023-11-27,low
latex2exp,CRAN,0.9.6,4.3.1,2023-11-27,low
lattice,CRAN,0.22-6,4.3.1,2023-11-27,low
lattice,CRAN,0.22-6,4.3.1,2023-11-27,low
latticeExtra,CRAN,0.6-30,4.3.1,2023-11-27,low
lava,CRAN,1.8.0,4.3.1,2023-11-27,low
lavaan,CRAN,0.6-18,4.3.1,2023-11-27,low
lazyeval,CRAN,0.2.2,4.3.1,2023-11-27,low
lbfgsb3c,CRAN,2024-3.4,4.3.1,2023-11-27,low
leaps,CRAN,3.2,4.3.1,2023-11-27,low
learnr,CRAN,0.11.5,4.3.1,2023-11-27,low
lgr,CRAN,0.4.4,4.3.1,2023-11-27,low
lhs,CRAN,1.1.6,4.3.1,2023-11-27,low
libcoin,CRAN,1.0-10,4.3.1,2023-11-27,low
libr,CRAN,1.3.3,4.3.1,2024-04-17,medium
lifecycle,CRAN,1.0.4,4.3.1,2023-11-27,low
lightgbm,CRAN,4.4.0,4.3.1,2023-11-27,low
limma,CRAN,3.58.1,4.3.1,2023-11-27,low
lintr,CRAN,3.1.2,4.3.1,2023-11-27,low
listenv,CRAN,0.9.1,4.3.1,2023-11-27,low
lme4,CRAN,1.1-35.3,4.3.1,2023-11-27,low
lmerTest,CRAN,3.1-3,4.3.1,2023-11-27,low
lmodel2,CRAN,1.7-3,4.3.1,2023-11-27,low
lmom,CRAN,3,4.3.1,2023-11-27,low
lmtest,CRAN,0.9-40,4.3.1,2023-11-27,low
lobstr,CRAN,1.1.2,4.3.1,2023-11-27,low
locfit,CRAN,1.5-9.9,4.3.1,2023-11-27,low
logger,CRAN,0.3.0,4.3.1,2024-04-17,low
logistf,CRAN,1.26.0,4.3.1,2023-11-27,low
logr,CRAN,1.3.8,4.3.1,2024-04-17,medium
longitudinalData,CRAN,2.4.5.1,4.3.1,2023-11-27,low
loo,CRAN,2.7.0,4.3.1,2023-11-27,low
lotri,CRAN,0.4.3,4.3.1,2023-11-27,low
lpSolve,CRAN,5.6.20,4.3.1,2023-11-27,low
lubridate,CRAN,1.9.3,4.3.1,2023-11-27,low
magic,CRAN,1.6-1,4.3.1,2023-11-27,low
magick,CRAN,2.8.3,4.3.1,2023-11-27,low
magrittr,CRAN,2.0.3,4.3.1,2023-11-27,low
maicChecks,CRAN,0.1.2,4.3.1,2023-11-27,medium
manipulateWidget,CRAN,0.11.1,4.3.1,2023-11-27,low
maotai,CRAN,0.2.5,4.3.1,2023-11-27,low
maps,CRAN,3.4.2,4.3.1,2023-11-27,low
maptree,CRAN,1.4-8,4.3.1,2023-11-27,low
marginaleffects,CRAN,0.21.0,4.3.1,2023-11-27,medium
margins,CRAN,0.3.27,4.3.1,2023-11-27,medium
markdown,CRAN,1.13,4.3.1,2023-11-27,low
marquee,CRAN,0.1.0,4.3.1,2024-05-30,low
mathjaxr,CRAN,1.6-0,4.3.1,2023-11-27,low
matlib,CRAN,0.9.6,4.3.1,2023-11-27,low
matrixStats,CRAN,1.3.0,4.3.1,2023-11-27,low
maxstat,CRAN,0.7-25,4.3.1,2023-11-27,low
mboost,CRAN,2.9-10,4.3.1,2023-11-27,low
mclogit,CRAN,0.9.6,4.3.1,2023-11-27,medium
mclust,CRAN,6.1.1,4.3.1,2023-11-27,low
mclustcomp,CRAN,0.3.3,4.3.1,2023-11-27,low
mcmc,CRAN,0.9-8,4.3.1,2023-11-27,low
mda,CRAN,0.5-4,4.3.1,2023-11-27,low
memisc,CRAN,0.99.31.7,4.3.1,2023-11-27,low
memoise,CRAN,2.0.1,4.3.1,2023-11-27,low
metR,CRAN,0.15.0,4.3.1,2023-11-27,low
meta,CRAN,7.0-0,4.3.1,2023-11-27,low
metacore,CRAN,0.1.3,4.3.1,2023-11-27,medium
metadat,CRAN,1.2-0,4.3.1,2023-11-27,low
metafor,CRAN,4.6-0,4.3.1,2023-11-27,low
metatools,CRAN,0.1.5,4.3.1,2023-11-27,low
methods,other,4.3.1,4.3.1,2023-11-27,low
mets,CRAN,1.3.4,4.3.1,2023-11-27,low
mgcv,CRAN,1.9-1,4.3.1,2023-11-27,low
mgcv,CRAN,1.9-1,4.3.1,2023-11-27,low
mice,CRAN,3.16.0,4.3.1,2023-11-27,low
microbenchmark,CRAN,1.4.10,4.3.1,2023-11-27,low
mime,CRAN,0.12,4.3.1,2023-11-27,low
miniUI,CRAN,0.1.1.1,4.3.1,2023-11-27,low
minpack.lm,CRAN,1.2-4,4.3.1,2023-11-27,low
minqa,CRAN,1.2.7,4.3.1,2023-11-27,low
mirai,CRAN,1.1.0,4.3.1,2023-11-27,medium
misc3d,CRAN,0.9-1,4.3.1,2023-11-27,low
missForest,CRAN,1.5,4.3.1,2023-11-27,low
mitml,CRAN,0.4-5,4.3.1,2023-11-27,low
mitools,CRAN,2.4,4.3.1,2023-11-27,low
mlbench,CRAN,2.1-5,4.3.1,2023-11-27,low
mlogit,CRAN,1.1-1,4.3.1,2023-11-27,low
mlr3,CRAN,0.19.0,4.3.1,2023-11-27,low
mlr3measures,CRAN,0.5.0,4.3.1,2023-11-27,low
mlr3misc,CRAN,0.15.0,4.3.1,2023-11-27,low
mmrm,CRAN,0.3.11,4.3.1,2023-11-27,medium
mnormt,CRAN,2.1.1,4.3.1,2023-11-27,low
mockery,CRAN,0.4.4,4.3.1,2023-11-27,low
modelbased,CRAN,0.8.8,4.3.1,2023-11-27,medium
modeldata,CRAN,1.3.0,4.3.1,2023-11-27,low
modelenv,CRAN,0.1.1,4.3.1,2023-11-27,low
modelr,CRAN,0.1.11,4.3.1,2023-11-27,low
modeltools,CRAN,0.2-23,4.3.1,2023-11-27,low
mosaic,CRAN,1.9.1,4.3.1,2024-08-05,low
mosaicCore,CRAN,0.9.4.0,4.3.1,2024-05-31,low
mosaicData,CRAN,0.20.4,4.3.1,2024-08-05,low
mrgsolve,CRAN,1.4.1,4.3.1,2023-11-27,low
msm,CRAN,1.7.1,4.3.1,2023-11-27,low
mstate,CRAN,0.3.2,4.3.1,2023-11-27,low
muhaz,CRAN,1.2.6.4,4.3.1,2023-11-27,low
multcomp,CRAN,1.4-25,4.3.1,2023-11-27,low
multcompView,CRAN,0.1-10,4.3.1,2023-11-27,low
multicool,CRAN,1.0.1,4.3.1,2023-12-04,low
multinma,CRAN,0.7.1,4.3.1,2023-11-27,medium
munsell,CRAN,0.5.1,4.3.1,2023-11-27,low
mvtnorm,CRAN,1.2-5,4.3.1,2023-11-27,low
mycor,CRAN,0.1.1,4.3.1,2024-04-17,medium
n1qn1,CRAN,6.0.1-11,4.3.1,2023-11-27,low
naniar,CRAN,1.1.0,4.3.1,2023-11-27,medium
nanonext,CRAN,1.1.0,4.3.1,2023-11-27,low
narray,CRAN,0.5.1,4.3.1,2023-11-27,low
naturalsort,CRAN,0.1.3,4.3.1,2023-11-27,low
ncappc,CRAN,0.3.0,4.3.1,2023-11-27,low
ncdfFlow,BIOC,2.48.0,4.3.1,2023-11-27,low
ncvreg,CRAN,3.14.2,4.3.1,2024-05-30,low
nestcolor,CRAN,0.1.2,4.3.1,2024-05-31,medium
netmeta,CRAN,2.9-0,4.3.1,2023-11-27,low
networkD3,CRAN,0.4,4.3.1,2024-04-17,low
neuralnet,CRAN,1.44.2,4.3.1,2023-11-27,low
nimble,CRAN,1.2.0,4.3.1,2024-05-30,low
nleqslv,CRAN,3.3.5,4.3.1,2023-11-27,low
nlme,CRAN,3.1-165,4.3.1,2023-11-27,low
nlme,CRAN,3.1-164,4.3.1,2023-11-27,low
nlmixr2,CRAN,2.1.2,4.3.1,2023-11-27,medium
nlmixr2data,CRAN,2.0.9,4.3.1,2023-11-27,low
nlmixr2est,CRAN,2.2.2,4.3.1,2023-11-27,low
nlmixr2extra,CRAN,2.0.10,4.3.1,2023-11-27,medium
nlmixr2lib,CRAN,0.2.0,4.3.1,2023-11-27,low
nlmixr2plot,CRAN,2.0.9,4.3.1,2023-11-27,low
nlmixr2rpt,CRAN,0.2.0,4.3.1,2023-11-27,low
nloptr,CRAN,2.0.3,4.3.1,2023-11-27,low
nls2,CRAN,0.3-3,4.3.1,2024-04-17,low
nnet,CRAN,7.3-19,4.3.1,2023-11-27,low
nnet,CRAN,7.3-19,4.3.1,2023-11-27,low
nnls,CRAN,1.5,4.3.1,2023-11-27,low
nonmem2rx,CRAN,0.1.4,4.3.1,2023-11-27,medium
nonnest2,CRAN,0.5-7,4.3.1,2023-11-27,low
norm,CRAN,1.0-11.1,4.3.1,2023-11-27,low
nortest,CRAN,1.0-4,4.3.1,2023-11-27,low
nphRCT,CRAN,0.1.0,4.3.1,2023-11-27,medium
numDeriv,CRAN,2016.8-1.1,4.3.1,2023-11-27,low
numbers,CRAN,0.8-5,4.3.1,2023-11-27,low
officedown,CRAN,0.3.1,4.3.1,2024-04-17,medium
officer,CRAN,0.6.6,4.3.1,2023-11-27,low
onbrand,CRAN,1.0.5,4.3.1,2023-11-27,low
openCyto,BIOC,2.14.0,4.3.1,2023-11-27,medium
openssl,CRAN,2.2.0,4.3.1,2023-11-27,low
openxlsx,CRAN,4.2.5.2,4.3.1,2023-11-27,low
operator.tools,CRAN,1.6.3,4.3.1,2023-11-27,low
optextras,CRAN,2019-12.4,4.3.1,2023-11-27,medium
optimx,CRAN,2023-10.21,4.3.1,2023-11-27,low
optmatch,CRAN,0.10.7,4.3.1,2023-11-27,medium
ordinal,CRAN,2023.12-4,4.3.1,2023-11-27,low
osqp,CRAN,0.6.3.3,4.3.1,2023-11-27,low
outliers,CRAN,0.15,4.3.1,2024-04-17,low
overlapping,CRAN,2.1,4.3.1,2023-11-27,low
pROC,CRAN,1.18.5,4.3.1,2023-11-27,low
packrat,CRAN,0.9.2,4.3.1,2023-11-27,low
pacman,CRAN,0.5.1,4.3.1,2023-11-27,low
pak,CRAN,0.7.2,4.3.1,2023-11-27,medium
palmerpenguins,CRAN,0.1.1,4.3.1,2023-11-27,low
pammtools,CRAN,0.5.93,4.3.1,2024-04-17,low
pan,CRAN,1.9,4.3.1,2023-11-27,low
pander,CRAN,0.6.5,4.3.1,2023-11-27,low
paradox,CRAN,1.0.0,4.3.1,2023-11-27,low
parallel,other,4.3.1,4.3.1,2023-11-27,low
parallelly,CRAN,1.37.1,4.3.1,2023-11-27,low
parameters,CRAN,0.21.7,4.3.1,2023-11-27,low
parsedate,CRAN,1.3.1,4.3.1,2023-11-27,low
parsnip,CRAN,1.2.1,4.3.1,2023-11-27,low
party,CRAN,1.3-15,4.3.1,2023-11-27,low
partykit,CRAN,1.2-20,4.3.1,2023-11-27,low
patchwork,CRAN,1.2.0,4.3.1,2023-11-27,low
pbapply,CRAN,1.7-2,4.3.1,2023-11-27,low
pbivnorm,CRAN,0.6.0,4.3.1,2023-11-27,low
pbkrtest,CRAN,0.5.2,4.3.1,2023-11-27,low
pcaPP,CRAN,2.0-4,4.3.1,2023-11-27,low
pcalg,CRAN,2.7-11,4.3.1,2023-11-27,low
pdftools,CRAN,3.4.0,4.3.1,2023-11-27,low
pec,CRAN,2023.04.12,4.3.1,2023-11-27,low
performance,CRAN,0.12.0,4.3.1,2023-11-27,low
perm,CRAN,1.0-0.4,4.3.1,2023-11-27,low
permimp,CRAN,1.0-2,4.3.1,2023-11-27,medium
permute,CRAN,0.9-7,4.3.1,2023-11-27,low
pharmaRTF,CRAN,0.1.4,4.3.1,2023-11-27,low
phosphoricons,CRAN,0.2.1,4.3.1,2023-11-27,low
pillar,CRAN,1.9.0,4.3.1,2023-11-27,low
pingr,CRAN,2.0.3,4.3.1,2023-11-27,low
pins,CRAN,1.3.0,4.3.1,2023-11-27,medium
pipeR,CRAN,0.6.1.3,4.3.1,2023-11-27,low
pkgbuild,CRAN,1.4.4,4.3.1,2023-11-27,low
pkgconfig,CRAN,2.0.3,4.3.1,2023-11-27,low
pkgdown,CRAN,2.0.9,4.3.1,2023-11-27,low
pkglite,CRAN,0.2.2,4.3.1,2024-04-17,medium
pkgload,CRAN,1.3.4,4.3.1,2023-11-27,low
pkgsearch,CRAN,3.1.3,4.3.1,2023-11-27,medium
plogr,CRAN,0.2.0,4.3.1,2023-11-27,low
plot3D,CRAN,1.4.1,4.3.1,2023-11-27,low
plotly,CRAN,4.10.4,4.3.1,2023-11-27,low
plotmo,CRAN,3.6.3,4.3.1,2023-11-27,low
plotrix,CRAN,3.8-4,4.3.1,2023-11-27,low
pls,CRAN,2.8-3,4.3.1,2023-11-27,low
plumber,CRAN,1.2.2,4.3.1,2023-11-27,low
plyr,CRAN,1.8.9,4.3.1,2023-11-27,low
png,CRAN,0.1-8,4.3.1,2023-11-27,low
polspline,CRAN,1.1.25,4.3.1,2023-11-27,low
polyclip,CRAN,1.10-6,4.3.1,2023-11-27,low
polycor,CRAN,0.8-1,4.3.1,2023-11-27,low
polynom,CRAN,1.4-1,4.3.1,2023-11-27,low
posterior,CRAN,1.5.0,4.3.1,2023-11-27,low
ppcor,CRAN,1.1,4.3.1,2024-04-17,low
prabclus,CRAN,2.3-3,4.3.1,2023-11-27,low
pracma,CRAN,2.4.4,4.3.1,2023-11-27,low
praise,CRAN,1.0.0,4.3.1,2023-11-27,low
prediction,CRAN,0.3.18,4.3.1,2023-11-27,low
predint,CRAN,2.2.1,4.3.1,2023-11-27,medium
preprocessCore,BIOC,1.64.0,4.3.1,2023-11-27,low
prettydoc,CRAN,0.4.1,4.3.1,2023-11-27,low
prettyunits,CRAN,1.2.0,4.3.1,2023-11-27,low
processx,CRAN,3.8.4,4.3.1,2023-11-27,low
prodlim,CRAN,2023.08.28,4.3.1,2023-11-27,low
productplots,CRAN,0.1.1,4.3.1,2023-11-27,low
profvis,CRAN,0.3.8,4.3.1,2023-11-27,low
progress,CRAN,1.2.3,4.3.1,2023-11-27,low
progressr,CRAN,0.14.0,4.3.1,2023-11-27,low
projpred,CRAN,2.8.0,4.3.1,2023-11-27,low
promises,CRAN,1.3.0,4.3.1,2023-11-27,low
proto,CRAN,1.0.0,4.3.1,2024-04-17,low
proxy,CRAN,0.4-27,4.3.1,2023-11-27,low
pryr,CRAN,0.1.6,4.3.1,2023-11-27,low
ps,CRAN,1.7.6,4.3.1,2023-11-27,low
pscl,CRAN,1.5.9,4.3.1,2023-11-27,low
pspline,CRAN,1.0-20,4.3.1,2023-11-27,low
psych,CRAN,2.4.3,4.3.1,2023-11-27,low
purrr,CRAN,1.0.2,4.3.1,2023-11-27,low
pwr,CRAN,1.3-0,4.3.1,2023-11-27,low
qap,CRAN,0.1-2,4.3.1,2023-11-27,low
qpdf,CRAN,1.3.3,4.3.1,2023-11-27,low
qs,CRAN,0.26.3,4.3.1,2023-11-27,low
quadprog,CRAN,1.5-8,4.3.1,2023-11-27,low
quantreg,CRAN,5.98,4.3.1,2023-11-27,low
quarto,CRAN,1.4,4.3.1,2023-11-27,low
r2d3,CRAN,0.2.6,4.3.1,2024-04-22,low
r2rtf,CRAN,1.1.1,4.3.1,2023-11-27,low
rJava,CRAN,1.0-11,4.3.1,2023-11-27,low
radarchart,CRAN,0.3.1,4.3.1,2023-11-27,low
ragg,CRAN,1.3.2,4.3.1,2023-11-27,low
rainbow,CRAN,3.8,4.3.1,2023-12-04,low
random.cdisc.data,CRAN,0.3.15,4.3.1,2024-05-31,low
randomForest,CRAN,4.7-1.1,4.3.1,2023-11-27,low
randomForestSRC,CRAN,3.2.3,4.3.1,2023-11-27,low
randtoolbox,CRAN,2.0.4,4.3.1,2023-11-27,low
ranger,CRAN,0.16.0,4.3.1,2023-11-27,low
rappdirs,CRAN,0.3.3,4.3.1,2023-11-27,low
rapportools,CRAN,1.1,4.3.1,2023-11-27,low
rbibutils,CRAN,2.2.16,4.3.1,2023-11-27,low
rbmi,CRAN,1.2.6,4.3.1,2023-11-27,medium
rcmdcheck,CRAN,1.4.0,4.3.1,2023-11-27,low
reactR,CRAN,0.5.0,4.3.1,2023-11-27,low
reactable,CRAN,0.4.4,4.3.1,2023-11-27,low
reactlog,CRAN,1.1.1,4.3.1,2023-11-27,low
readbitmap,CRAN,0.1.5,4.3.1,2023-11-27,low
readr,CRAN,2.1.5,4.3.1,2023-11-27,low
readxl,CRAN,1.4.3,4.3.1,2023-11-27,low
recipes,CRAN,1.0.10,4.3.1,2023-11-27,low
reda,CRAN,0.5.4,4.3.1,2023-11-27,medium
registry,CRAN,0.5-1,4.3.1,2023-11-27,low
relsurv,CRAN,2.2-9,4.3.1,2024-04-17,medium
rematch,CRAN,2.0.0,4.3.1,2023-11-27,low
rematch2,CRAN,2.1.2,4.3.1,2023-11-27,low
remotes,CRAN,2.5.0,4.3.1,2023-11-27,low
renv,CRAN,1.0.7,4.3.1,2023-11-27,low
report,CRAN,0.5.8,4.3.1,2023-11-27,medium
reporter,CRAN,1.4.4,4.3.1,2024-04-17,medium
repr,CRAN,1.1.7,4.3.1,2023-11-27,low
reprex,CRAN,2.1.0,4.3.1,2023-11-27,low
reshape,CRAN,0.8.9,4.3.1,2023-11-27,low
reshape2,CRAN,1.4.4,4.3.1,2023-11-27,low
reticulate,CRAN,1.37.0,4.3.1,2023-11-27,low
rex,CRAN,1.2.1,4.3.1,2023-11-27,low
rgenoud,CRAN,5.9-0.10,4.3.1,2023-11-27,low
rgl,CRAN,1.3.1,4.3.1,2023-11-27,low
rhandsontable,CRAN,0.3.8,4.3.1,2023-11-27,low
rio,CRAN,1.1.1,4.3.1,2023-11-27,low
riskRegression,CRAN,2023.12.21,4.3.1,2023-11-27,low
riskmetric,CRAN,0.2.4,4.3.1,2023-11-27,medium
rjags,CRAN,15-Apr,4.3.1,2023-11-27,low
rjson,CRAN,0.2.21,4.3.1,2023-11-27,low
rlang,CRAN,1.1.4,4.3.1,2023-11-27,low
rlemon,CRAN,0.2.1,4.3.1,2023-11-27,low
rlist,CRAN,0.4.6.2,4.3.1,2023-11-27,low
rlistings,CRAN,0.2.8,4.3.1,2024-05-31,low
rmarkdown,CRAN,2.27,4.3.1,2023-11-27,low
rmeta,CRAN,3,4.3.1,2023-11-27,low
rminer,CRAN,1.4.6,4.3.1,2023-11-27,low
rms,CRAN,6.8-1,4.3.1,2023-11-27,low
rngWELL,CRAN,0.10-9,4.3.1,2023-11-27,low
rngtools,CRAN,1.5.2,4.3.1,2023-11-27,low
robustbase,CRAN,0.99-2,4.3.1,2023-11-27,low
rootSolve,CRAN,1.8.2.4,4.3.1,2023-11-27,low
roxygen2,CRAN,7.3.1,4.3.1,2023-11-27,low
rpact,CRAN,4.0.0,4.3.1,2023-11-27,medium
rpart,CRAN,4.1.23,4.3.1,2023-11-27,low
rpart,CRAN,4.1.23,4.3.1,2023-11-27,low
rpart.plot,CRAN,3.1.2,4.3.1,2023-11-27,low
rprojroot,CRAN,2.0.4,4.3.1,2023-11-27,low
rpsftm,CRAN,1.2.9,4.3.1,2023-11-27,medium
rrcov,CRAN,1.7-5,4.3.1,2023-11-27,low
rsample,CRAN,1.2.1,4.3.1,2023-11-27,low
rsconnect,CRAN,1.3.1,4.3.1,2023-11-27,low
rstan,CRAN,2.32.6,4.3.1,2023-11-27,low
rstanarm,CRAN,2.32.1,4.3.1,2023-11-27,low
rstantools,CRAN,2.4.0,4.3.1,2023-11-27,low
rstatix,CRAN,0.7.2,4.3.1,2023-11-27,low
rstpm2,CRAN,1.6.3,4.3.1,2023-11-27,low
rstudioapi,CRAN,0.16.0,4.3.1,2023-11-27,low
rsvg,CRAN,2.6.0,4.3.1,2023-11-27,low
rtables,CRAN,0.6.7,4.3.1,2023-11-27,low
rtf,CRAN,0.4-14.1,4.3.1,2023-11-27,medium
rules,CRAN,1.0.2,4.3.1,2024-05-31,medium
runjags,CRAN,2.2.2-4,4.3.1,2024-04-17,low
rversions,CRAN,2.1.2,4.3.1,2023-11-27,low
rvest,CRAN,1.0.4,4.3.1,2023-11-27,low
rvg,CRAN,0.3.3,4.3.1,2023-11-27,low
rxode2,CRAN,2.1.3,4.3.1,2023-11-27,low
rxode2et,CRAN,2.0.13,4.3.1,2023-11-27,low
rxode2ll,CRAN,2.0.11,4.3.1,2023-11-27,low
rxode2parse,CRAN,2.0.19,4.3.1,2023-11-27,low
rxode2random,CRAN,2.1.1,4.3.1,2023-11-27,low
s2,CRAN,1.1.6,4.3.1,2023-11-27,low
safetyData,CRAN,1.0.0,4.3.1,2023-11-27,low
sampling,CRAN,2.1,4.3.1,2024-04-17,low
sandwich,CRAN,3.1-0,4.3.1,2023-11-27,low
sass,CRAN,0.4.9,4.3.1,2023-11-27,low
scales,CRAN,1.3.0,4.3.1,2023-11-27,low
scam,CRAN,1.2-16,4.3.1,2023-11-27,low
scatterplot3d,CRAN,0.3-44,4.3.1,2023-11-27,low
scda,other,0.1.6,4.3.1,2024-05-31,low
scrypt,CRAN,0.1.6,4.3.1,2024-04-17,medium
scs,CRAN,3.2.4,4.3.1,2023-11-27,low
secretbase,CRAN,1.0.0,4.3.1,2024-08-05,low
see,CRAN,0.8.4,4.3.1,2023-11-27,medium
selectr,CRAN,0.4-2,4.3.1,2023-11-27,low
sendmailR,CRAN,1.4-0,4.3.1,2023-11-27,medium
sensitivity,CRAN,1.30.0,4.3.1,2023-11-27,low
seriation,CRAN,1.5.5,4.3.1,2023-11-27,low
servr,CRAN,0.3,4.3.1,2023-11-27,low
sessioninfo,CRAN,1.2.2,4.3.1,2023-11-27,low
setRNG,CRAN,2024.2-1,4.3.1,2023-11-27,low
sf,CRAN,1.0-16,4.3.1,2023-11-27,low
sfsmisc,CRAN,1.1-18,4.3.1,2023-11-27,low
shape,CRAN,1.4.6.1,4.3.1,2023-11-27,low
shapes,CRAN,1.2.7,4.3.1,2023-11-27,low
shiny,CRAN,1.8.1.1,4.3.1,2023-11-27,low
shinyBS,CRAN,0.61.1,4.3.1,2023-11-27,low
shinyFeedback,CRAN,0.4.0,4.3.1,2023-11-27,low
shinyMatrix,CRAN,0.8.0,4.3.1,2023-11-27,low
shinyWidgets,CRAN,0.8.6,4.3.1,2023-11-27,low
shinyauthr,CRAN,1.0.0,4.3.1,2024-04-17,medium
shinybusy,CRAN,0.3.3,4.3.1,2023-11-27,low
shinycssloaders,CRAN,1.0.0,4.3.1,2023-11-27,low
shinydashboard,CRAN,0.7.2,4.3.1,2023-11-27,low
shinydashboardPlus,CRAN,2.0.4,4.3.1,2023-11-27,low
shinyglide,CRAN,0.1.4,4.3.1,2023-11-27,low
shinyjs,CRAN,2.1.0,4.3.1,2023-11-27,low
shinyloadtest,CRAN,1.1.0,4.3.1,2023-11-27,low
shinymanager,CRAN,1.0.410,4.3.1,2024-04-17,medium
shinymetrics,other,0.0.1.9000,4.3.1,2023-10-12,low
shinystan,CRAN,2.6.0,4.3.1,2023-11-27,low
shinytest,CRAN,1.6.1,4.3.1,2023-11-27,low
shinytest2,CRAN,0.3.2,4.3.1,2023-11-27,medium
shinythemes,CRAN,1.2.0,4.3.1,2023-11-27,low
shinyvalidate,CRAN,0.1.3,4.3.1,2023-11-27,medium
showimage,CRAN,1.0.0,4.3.1,2023-11-27,low
showtext,CRAN,0.9-7,4.3.1,2023-11-27,low
showtextdb,CRAN,3,4.3.1,2023-11-27,low
simex,CRAN,1.8,4.3.1,2023-11-27,low
simsurv,CRAN,1.0.0,4.3.1,2023-11-27,medium
sitmo,CRAN,2.0.2,4.3.1,2023-11-27,low
sjlabelled,CRAN,1.2.0,4.3.1,2024-04-17,low
sjmisc,CRAN,2.8.10,4.3.1,2024-04-17,low
skimr,CRAN,2.1.5,4.3.1,2023-11-27,low
slam,CRAN,0.1-50,4.3.1,2023-11-27,low
slider,CRAN,0.3.1,4.3.1,2023-11-27,low
sloop,CRAN,1.0.1,4.3.1,2023-11-27,low
sn,CRAN,2.1.1,4.3.1,2024-08-05,low
snakecase,CRAN,0.11.1,4.3.1,2023-11-27,low
snow,CRAN,0.4-4,4.3.1,2023-11-27,low
snowfall,CRAN,1.84-6.3,4.3.1,2023-11-27,low
sodium,CRAN,1.3.1,4.3.1,2023-11-27,low
sourcetools,CRAN,0.1.7-1,4.3.1,2023-11-27,low
sp,CRAN,2.1-4,4.3.1,2023-11-27,low
spam,CRAN,2.10-0,4.3.1,2023-11-27,low
spatial,CRAN,7.3-17,4.3.1,2023-11-27,low
spatial,CRAN,7.3-17,4.3.1,2023-11-27,low
spelling,CRAN,2.3.0,4.3.1,2023-11-27,low
splines,CRAN,4.3.1,4.3.1,2023-11-27,low
splines2,CRAN,0.5.2,4.3.1,2023-11-27,low
splus2R,CRAN,1.3-5,4.3.1,2023-11-27,low
ssanv,CRAN,1.1,4.3.1,2023-11-27,low
stabledist,CRAN,0.7-1,4.3.1,2023-11-27,low
stabs,CRAN,0.6-4,4.3.1,2023-11-27,low
statmod,CRAN,1.5.0,4.3.1,2023-11-27,low
stats,other,4.3.1,4.3.1,2023-11-27,low
stats4,other,4.3.1,4.3.1,2023-11-27,low
stdReg,CRAN,3.4.1,4.3.1,2023-11-27,medium
strex,CRAN,2.0.0,4.3.1,2023-11-27,low
stringfish,CRAN,0.16.0,4.3.1,2023-11-27,low
stringi,CRAN,1.8.4,4.3.1,2023-11-27,low
stringr,CRAN,1.5.1,4.3.1,2023-11-27,low
striprtf,CRAN,0.6.0,4.3.1,2023-11-27,low
strucchange,CRAN,1.5-3,4.3.1,2023-11-27,low
styler,CRAN,1.10.3,4.3.1,2023-11-27,low
summarytools,CRAN,1.0.1,4.3.1,2023-11-27,low
survMisc,CRAN,0.5.6,4.3.1,2023-11-27,low
survcomp,CRAN,1.52.0,4.3.1,2023-11-27,low
survey,CRAN,4.4-2,4.3.1,2023-11-27,low
survival,CRAN,3.7-0,4.3.1,2023-11-27,low
survival,CRAN,3.6-4,4.3.1,2023-11-27,low
survivalROC,CRAN,1.0.3.1,4.3.1,2023-11-27,low
survminer,CRAN,0.4.9,4.3.1,2023-11-27,low
svUnit,CRAN,1.0.6,4.3.1,2023-11-27,low
svd,CRAN,0.5.5,4.3.1,2023-11-27,low
svglite,CRAN,2.1.3,4.3.1,2023-11-27,low
swagger,CRAN,5.17.14,4.3.1,2023-11-27,low
swimplot,CRAN,1.2.0,4.3.1,2024-05-31,high
swirl,CRAN,2.4.5,4.3.1,2023-11-27,medium
symengine,CRAN,0.2.6,4.3.1,2023-11-27,low
sys,CRAN,3.4.2,4.3.1,2023-11-27,low
sysfonts,CRAN,0.8.9,4.3.1,2023-11-27,low
systemfonts,CRAN,1.1.0,4.3.1,2023-11-27,low
table1,CRAN,1.4.3,4.3.1,2023-11-27,medium
tableone,CRAN,0.13.2,4.3.1,2023-11-27,low
tables,CRAN,0.9.25,4.3.1,2023-11-27,low
tarchetypes,CRAN,0.9.0,4.3.1,2023-11-27,low
targets,CRAN,1.7.0,4.3.1,2023-11-27,low
tcltk,CRAN,4.3.1,4.3.1,2023-11-27,low
teal,CRAN,0.15.2,4.3.1,2024-05-31,low
teal.code,CRAN,0.5.0,4.3.1,2024-04-17,low
teal.data,CRAN,0.6.0,4.3.1,2024-04-17,low
teal.logger,CRAN,0.2.0,4.3.1,2024-05-31,low
teal.modules.clinical,CRAN,0.9.1,4.3.1,2024-05-31,low
teal.reporter,CRAN,0.3.1,4.3.1,2024-02-13,low
teal.slice,CRAN,0.5.1,4.3.1,2024-05-31,low
teal.transform,CRAN,0.5.0,4.3.1,2024-05-31,low
teal.widgets,CRAN,0.4.2,4.3.1,2024-04-17,low
tensorA,CRAN,0.36.2.1,4.3.1,2023-11-27,low
tern,CRAN,0.9.4,4.3.1,2024-05-29,low
tern.gee,CRAN,0.1.4,4.3.1,2024-05-31,medium
tern.mmrm,CRAN,0.3.1,4.3.1,2024-05-31,medium
tern.rbmi,other,0.1.3,4.3.1,2024-05-31,medium
testthat,CRAN,3.2.1.1,4.3.1,2023-11-27,low
textshaping,CRAN,0.4.0,4.3.1,2023-11-27,low
tfautograph,CRAN,0.3.2,4.3.1,2023-11-27,low
tfrmt,CRAN,0.1.1,4.3.1,2023-11-27,medium
tfruns,CRAN,1.5.3,4.3.1,2023-11-27,low
tgp,CRAN,2.4-22,4.3.1,2023-11-27,low
thematic,CRAN,0.1.5,4.3.1,2023-11-27,low
threejs,CRAN,0.3.3,4.3.1,2023-11-27,low
tibble,CRAN,3.2.1,4.3.1,2023-11-27,low
tictoc,CRAN,1.2.1,4.3.1,2023-11-27,low
tidybayes,CRAN,3.0.6,4.3.1,2023-11-27,low
tidygraph,CRAN,1.3.1,4.3.1,2023-11-27,low
tidylog,CRAN,1.1.0,4.3.1,2023-11-27,medium
tidymodels,CRAN,1.2.0,4.3.1,2023-11-27,low
tidyr,CRAN,1.3.1,4.3.1,2023-11-27,low
tidyselect,CRAN,1.2.1,4.3.1,2023-11-27,low
tidyverse,CRAN,2.0.0,4.3.1,2023-11-27,low
tiff,CRAN,0.1-12,4.3.1,2023-11-27,low
timeDate,CRAN,4032.11,4.3.1,2023-11-27,low
timeSeries,CRAN,4032.11,4.3.1,2023-11-27,low
timechange,CRAN,0.3.0,4.3.1,2023-11-27,low
timereg,CRAN,2.0.5,4.3.1,2023-11-27,low
tinytex,CRAN,0.51,4.3.1,2023-11-27,low
tmvnsim,CRAN,1.0-2,4.3.1,2023-11-27,medium
toastui,CRAN,0.3.3,4.3.1,2023-11-27,medium
tolerance,CRAN,3.0.0,4.3.1,2023-11-27,low
tools,other,4.3.1,4.3.1,2023-11-27,low
tree,CRAN,1.0-43,4.3.1,2023-11-27,low
triebeard,CRAN,0.4.1,4.3.1,2023-11-27,low
truncdist,CRAN,1.0-2,4.3.1,2023-11-27,low
truncnorm,CRAN,1.0-9,4.3.1,2023-11-27,low
tune,CRAN,1.2.1,4.3.1,2023-11-27,low
tweenr,CRAN,2.0.3,4.3.1,2023-11-27,low
tzdb,CRAN,0.4.0,4.3.1,2023-11-27,low
ucminf,CRAN,1.2.1,4.3.1,2023-11-27,low
unigd,CRAN,0.1.2,4.3.1,2024-08-05,medium
units,CRAN,0.8-5,4.3.1,2023-11-27,low
unrtf,CRAN,1.4.5,4.3.1,2024-04-17,low
urlchecker,CRAN,1.0.1,4.3.1,2023-11-27,low
urltools,CRAN,1.7.3,4.3.1,2023-11-27,low
usethis,CRAN,2.2.3,4.3.1,2023-11-27,low
utf8,CRAN,1.2.4,4.3.1,2023-11-27,low
utils,other,4.3.1,4.3.1,2023-11-27,low
uuid,CRAN,1.2-0,4.3.1,2023-11-27,low
uwot,CRAN,0.2.2,4.3.1,2023-11-27,low
vcd,CRAN,1.4-12,4.3.1,2023-11-27,low
vctrs,CRAN,0.6.5,4.3.1,2023-11-27,low
vdiffr,CRAN,1.0.7,4.3.1,2023-11-27,medium
vegan,CRAN,2.6-6.1,4.3.1,2023-11-27,low
vegawidget,CRAN,0.5.0,4.3.1,2023-11-27,low
vip,CRAN,0.4.1,4.3.1,2023-11-27,low
viridis,CRAN,0.6.5,4.3.1,2023-11-27,low
viridisLite,CRAN,0.4.2,4.3.1,2023-11-27,low
visNetwork,CRAN,2.1.2,4.3.1,2023-11-27,low
visdat,CRAN,0.6.0,4.3.1,2023-11-27,low
vistime,CRAN,1.2.4,4.3.1,2024-05-31,medium
vpc,CRAN,1.2.2,4.3.1,2023-11-27,low
vroom,CRAN,1.6.5,4.3.1,2023-11-27,low
vscDebugger,other,0.5.3,4.3.1,2023-11-27,low
waiter,CRAN,0.2.5,4.3.1,2023-11-27,low
waldo,CRAN,0.5.2,4.3.1,2023-11-27,low
warp,CRAN,0.2.1,4.3.1,2023-11-27,low
webdriver,CRAN,1.0.6,4.3.1,2023-11-27,medium
webshot,CRAN,0.5.5,4.3.1,2023-11-27,low
websocket,CRAN,1.4.1,4.3.1,2023-11-27,low
webutils,CRAN,1.2.0,4.3.1,2023-11-27,low
weights,CRAN,1.0.4,4.3.1,2023-11-27,low
wesanderson,CRAN,0.3.7,4.3.1,2023-11-27,low
whisker,CRAN,0.4.1,4.3.1,2023-11-27,low
whoami,CRAN,1.3.0,4.3.1,2024-04-17,low
withr,CRAN,3.0.0,4.3.1,2023-11-27,low
wk,CRAN,0.9.1,4.3.1,2023-11-27,low
workflowr,CRAN,1.7.1,4.3.1,2023-11-27,medium
workflows,CRAN,1.1.4,4.3.1,2023-11-27,low
workflowsets,CRAN,1.1.0,4.3.1,2023-11-27,low
writexl,CRAN,1.5.0,4.3.1,2023-11-27,low
xaringan,CRAN,0.3,4.3.1,2023-11-27,medium
xaringanExtra,CRAN,0.8.0,4.3.1,2023-11-27,low
xaringanthemer,CRAN,0.4.2,4.3.1,2023-11-27,medium
xfun,CRAN,0.45,4.3.1,2023-11-27,low
xgboost,CRAN,1.7.7.1,4.3.1,2023-11-27,low
xgxr,CRAN,1.1.2,4.3.1,2023-11-27,medium
xlsx,CRAN,0.6.5,4.3.1,2023-11-27,low
xlsxjars,CRAN,0.6.1,4.3.1,2023-11-27,low
xml2,CRAN,1.3.6,4.3.1,2023-11-27,low
xmlparsedata,CRAN,1.0.5,4.3.1,2023-11-27,low
xopen,CRAN,1.0.1,4.3.1,2023-11-27,low
xportr,CRAN,0.4.0,4.3.1,2024-05-09,medium
xpose,CRAN,0.4.18,4.3.1,2023-11-27,low
xpose.nlmixr2,CRAN,0.4.0,4.3.1,2023-11-27,low
xpose4,CRAN,4.7.3,4.3.1,2023-11-27,low
xtable,CRAN,1.8-4,4.3.1,2023-11-27,low
xts,CRAN,0.14.0,4.3.1,2023-11-27,low
yaml,CRAN,2.3.8,4.3.1,2023-11-27,low
yardstick,CRAN,1.3.1,4.3.1,2023-11-27,low
yulab.utils,CRAN,0.1.4,4.3.1,2023-11-27,low
zeallot,CRAN,0.1.0,4.3.1,2023-11-27,low
zip,CRAN,2.3.1,4.3.1,2023-11-27,low
zlibbioc,BIOC,1.48.2,4.3.1,2023-11-27,low
zoo,CRAN,1.8-12,4.3.1,2023-11-27,low
